akshay_moments|0
bhavyaa_nair|0
__niki_ta__|1
24mohak11|1
aakrithiiyer|0
notpraag|0
mahati_paspuleti|0
mita.shetty|0
mridss__|0
grn__715|0
dhrxtx._.08|1
sonalbopanna|0
niyatiiir|0
navya.sameer|0
tanuushrree|0
_pallavi_23|0
_.raksha_r_|0
ruthh_2906|0
shankyy_01|0
oceanyhammy|0
aaaastha.d|0
harshit.b23|1
abel_3902|0
suryx_8080|0
suriyaselvakumar|0
thrishnahosalli|0
rushabtalla|0
kshetss|0
samikshaa.r|0
tushar_tf|0
ansh.who|1
myrrra._|0
avanthika_shyam|0
anuvasagar|0
_theolympian|0
gazin_star|0
esh_ani95|0
_riy_mehta|0
anisshhaaa.y|0
adx1109|0
deshnavi_xiii|1
navyadshah|0
notazra|0
smhstew|0
juthenoodlehead06|0
aryansethi_12|0
_saanviagrawal|0
nidhii.37|0
_.ozzman._|1
lternatively|1
meg._.95|0
namish_menon|0
taruunb|0
rishil_9_|0
navya._x|0
adi.balan10|0
_rohan_10___|1
_arjunpatil_|1
imaryanaugustine|0
riyx_nair|0
piukachu|0
phunsukwangduu|0
yadavi_bhatia|1
thishya_bodapati|0
mohitha_13|0
sam2reddy|0
_.aru.07_|0
pranjay._.jaitely|1
megha.annie._|0
rohxn_101|0
drrishtti|0
pranathigirimajii|0
ram_kumar7|0
its_at.dhx|0
_.sarajain._|0
adityamaheshwariii|0
arya_shetty9|0
sarthak.bloop|1
sonia_deshpande|0
xx_darkninja_xx_3|1
geetkarthik|0
disha.mahapatraa|0
____ipshxta____g|0
jina_992|0
pranathi_palle|0
xx_jay_|0
karunaspurohit|0
deadxrsh|0
shriya_208|0
jyotika_deviah|0
hannahhkurian|0
sharanyuuh|0
_nishita36_|0
mohit.s._|0
sidganesh_21|1
aggzuuu|0
sreyaharris|0
haran_j4|1
rhea_vikranth|0
_katyayaniojha|0
aarya_dhavan|0
jas_belani05|0
acneboss|0
bharatkrishna28|0
sarangi.akash|0
dhruv_arora09|1
anuksha.n|0
adarshkothari47|0
amn_khndelwal|0
_dimri17|1
dishabharath_|0
rahilpathan__|0
ayu5h_gopi|0
dakshaaaa_|0
amn_khandelwal|0
sanj_kumbhat|0
diyaadilip|0
jonathan.thomas_44|1
pavithraarajeshh|0
_a1_im_|0
karan._venkatesh|0
preetk_33|0
__.aishanii.__|0
lakshyaa710|0
arhanaagarwal|0
aakshii_19|0
roshnigowdanarr|0
arjun_prem_kumar|0
_niakash._|0
itssmenehaa|0
thegreatestbarbiedoll0201|0
lelananya|0
aryan.tf_|1
_rxyx_08|0
shradhasraj|0
mumaiazaa|0
_navyaaa.m_|0
_alina.zafeer_|0
aasiya3051|0
_.suhasinii._|0
not._ankur|0
itz_chanzzz256|0
tejas.chaturvedi08|1
s_kondilya|0
samairrraa|0
nab3exl|1
aditiiapurva|1
saiprriyaa|0
mmaaddhhaavv|0
anmol.3.1.2|0
darrshana__|0
_ayush_37|0
lakshaditi|0
aqib.zs|0
prats_2005|1
nikunj_raja4|1
gov_ind69|1
zaara.jumana|0
punya_1206|0
vt_avgeek|0
rizool_69_420|0
daksh.padhiar_|1
siddharth.xd2|0
akshath_g_sanu|0
_salman.s.khan_|0
sharanyaa.15|0
prerana_balaji|0
prajwal_p7|0
_khyati_30|0
utsav._.khurana|0
_ananyad12_|0
aryann._28|0
_aryankishore1805_|0
fyaizz|0
_shivani_anand_|0
arnavsajan|0
ankiii_1616|0
vaishnavichennu_|0
nikitha.g.2000|0
aafreen_dk|0
snnehahaa|0
diya_20060|0
killshot39374|0
wassup_dipsites|0
adi.tyareddy|0
neil_varghese_|0
huvi.privv|0
this_is_rudransh|0
___dheera___|0
samhita.puvvada|0
iwishiwasjosh|1
shreyyaa._12|0
siimonnee_|0
kenny_kurian|0
_zeeshan_h|0
vaishnavi_lochav|0
17_aesha_04|0
rudranshpandey__|0
_.sreejon__|0
amita.__.__|0
vikranth_gowda11|0
ravindra186255|1
zakwaan.musthafa|0
ashleyelizabeth784|0
neha__347|0
pankhudipriyal|0
prarthaana|0
rehan_razak|0
shriyasj|0
aditya_m05|0
janhvibilagi|0
faizaasheriff|0
disxa._.1|0
std.chiru.burger.bloop|0
anish_exe|0
_.aiiizah._|0
aniiishaha|0
dhruvojha__|0
menon_namish|0
_hardik73_|0
iwanttoeatfrieslmao|0
pranjana_srv197|0
saloniigupta._|0
dhritidoes|1
aaryan._.4669|0
_.xoxoxo._0719|0
anikethgalla|1
aayan.ahmed.2006|0
saakshi_172|0
ananya._x05|0
_alayna_2715|0
abheetaa|0
kavya_3467|0
__________.vishnu|0
ruchithaaaa|0
im_xzyro|0
_aja.yy__|1
raydongeo|0
shankx1506|1
varnika_.saxena|0
sila.adarsh|0
_imperfect_bruhh|1
mb_shivani|0
aditiiixoxo|0
dps_bn_confessions|-1
mehwishhh13|-1
kshitijvankar|-1
nizamuddinnnn|-1
alaikalop|-1
aditya.hemsbabes|-1
abhi.0091|-1
mexk4tsuki._|-1
ft.likhith|-1
abhiram_yo|-1
shreyas.deb|-1
mridulla_xo|-1
_.hariharan._1216|-1
shaanxyo|-1
_manuveer|-1
anagha_712|-1
ittz_me_x_x|-1
the._.5th._.zogratis|-1
aryan_sujai05|-1
atanu_xx|-1
mansiguruprasad|-1
lorelius_hogglefart_2401|-1
athreya2207|-1
ahlam_hashmi|-1
dhruv_samuel|-1
malssjan|-1
_manasarao|-1
mayankmm7|-1
shivankkrai|-1
abhirath_06|-1
958_prerana|-1
sid_dhanuka21|-1
justtt.ritvik|0
_nehagujjar_|0
hari_rajiv7m|-1
_moxa_9|-1
devikatsuki|-1
whoahana|-1
_mythri.__|-1
yoyocoi|-1
_sammybond|-1
ft.rithvikk|-1
_.nidhisrinivas|-1
_ayaan.sa|-1
_diiyaa.0_|-1
pandey_boi|-1
satyamgoyal06|0
anjanadec15|0
sam_x404x|-1
astr0nihaal|1
sreesha.k.s|0
dhruv_jain02|0
aysha.suzane|1
preethi_eww|0
sarbottam_pal|0
charvi0_6|1
prathamesh.likhar.2|0
hemanth2015011|0
swastik_3192|0
purvi_2312_|0
varsha_shivanand|0
veera_866|-1
san__jenaa|0
aditimdvn|-1
nithish_reddyyyy|-1
arshaqarmaan_1304|-1
wopseeion|-1
queenflashyy|-1
durvahnawani_|-1
pranavrajjjj|-1
_shar_08|-1
invisible_user21|-1
aakpt2|0
mahimakubanur|-1
k._h.u.s.h_.i|-1
_nishant_2704|-1
prerana.kuruganti|-1
abheeshta_|-1
arfzxcv|-1
aryan_nair11|-1
__.anshula._|-1
_aditiiiiiii._|-1
rotion_769|-1
aliciavaidyan|0
jain.hk196|0
_disha__k_|0
sanjanaa._.a|-1
_.saksham_1206|0
sohasnotk|0
eshaan_ballal|0
_akank.sha_x|0
_adeeb__19|0
jungkook.4.lyf|0
_daksh.bhatnagar_|0
farah.manikindi|0
soumyadeep_25_|0
waternt17|0
anirrudhgg|-1
_.mousami._|0
ju.pvttt|-1
sharma_garimaaa|0
samriddhix_|0
rayaan_75_29|0
_ekkas_singh|0
__meghanamahesh__|0
_.ranky|0
dakshaviinayak|0
khyati_.22|0
lakshitha_2510x|0
_tilakr_|0
siddharth._.r._.nair|0
shreyakaudi_|0
ig.nemx|0
ash.beatbox|1
anvitakondur|0
sandy_dandy_06|0
yogitaa.a|0
862001adarsh|0
raghavforeal|0
_.t._.q._|1
4nushka_a.06|0
satvi.dd|0
_ojasve_|0
giree08._|1
vaka_1789|0
ig_.shashank._|0
whatlamslikes|0
dhruuvv46|0
ram_kumar479|0
shreya.srinivasa|0
r.aahull|1
shivar.dump|0
dviti.ii|0
anusha._.nigam|0
_shreyas__r|0
techwithhef|1
aryaman_027|0
suyaash|0
_.pooorvieee|0
nandinii_menon|0
adhya__027|0
sudikshhaaaaa|0
wbxxti|0
sai.kavish|0
_mrudhula|0
arnav_kopparam|1
nauman_20052|0
samay._.7|0
anoushkahah|0
shanenlakhani|0
s4rthakk_|0
wtf.teeps|0
ft.shivank|0
_samriddhiiii|0
sfsvdav|0
_shannavi09|0
meherthakore|0
paarth_arts|1
ltsmeadi|1
taqiabakhtiar|0
sukritchandel|1
johan_s_daniel|0
balaram_1510|-1
qasim.i.k|0
taannnviiii|0
siddharth_k2205|0
sanj.guptaa|0
seevenkat|0
mamba_3035|0
anmolshankar.19|0
shadow_0860|0
huzaylx|0
escapist_fabricated|0
_.thecyclingfoodie._|0
manvitha.narayan|0
rknujan18|0
shyamsethuram|0
_ig_shogun|1
inayafir|0
varshithreddy._|0
tanisha_denson06|0
suri.jpg_|0
mxni_3001|0
_mihirk__|0
tf__samiksha|0
ashriittt_|0
shubhx_45|0
theunk2020|1
_.ariaax._|0
rishikajonna|0
_.tanyabansal|0
simply__jyo|1
_mrxnalll|0
nehaxpoorna|0
_apoorv_9|0
nathanarunodaya|0
ishaan05_|0
_.riddhima26|0
skiddart|1
damn_son75|0
lekith_photography|0
_shruttttiiii|0
ohhitsronn_|0
moinuddin_afnan|0
ana.sport|1
sathwiksgowda|0
saur.21|0
stickysticky69|0
mehtabxxl|0
palakjhaaaa|0
ramkushal_989|0
sohasaif_27|0
atulyeahh|0
avanziiiii|0
sufiyaan_sharief|0
sharanya._.10|0
saanvi_dayakar|0
darshangiri007|0
dishaaa_mishra|0
radspamzzzzzz|0
huvikaaa.s|0
_zahaanabousher|0
arkaan_asif|0
shrishtiactually|0
adiithann|0
saaraah.thansin|1
aaarohiii|1
avennaa|0
jasminesdas2021|1
ava.niiiiiiiiii|-1
tanishq025|0
maria._.ann|0
heyits_anishaaa|0
arnavvarghese|0
ekansh_positive_vibezz|-1
anmxl325|0
arushi1342022|0
ridhi_0906|0
aadithya_an_|0
karanjain__8|-1
armaan.choraria|1
achu130405|0
pranavrajspam|0
swam.sindhu_0912|0
adhira_06_|0
sakshi_squad_1|0
pruthvi_y18|0
srihari.__|0
kann_009|-1
ali_ahdal_05|0
aditya83659|0
aditi._.kishore|0
khushiiikp|0
kesha_nair_30|1
anushka__s_|1
spurthikota_|0
nishiitar|0
trish4sonline|0
aastha.anand.10|0
devsharad_16|0
mansi13.6|0
ugh.its.sanj|0
aditya.jayesh|1
samyukta_satish|0
xfnxn_458|0
dhruviii_15_|0
anushruth_2005|0
11_adeeb_25|0
aswath_0206|0
manxstorm123|0
___.hxrshxth.___|-1
probablyysleepingg|-1
_rits.joss_eph.rose_|0
sure._ya_|0
risaa.2416|0
rohan.varma6|0
eihdin|0
___singam21___|0
arundhati1857|0
sanchanakoul_|0
akshat.bloop|0
yoz_7107|0
rudrakshuwuwuuuwuwjwwwuwluwmao|0
hoeless.69|1
sid.sharmajikabeta|0
prarthana2871|0
zara_zouyla|1
_aadish_arora|-1
_dxvanxh_|-1
bhuvan.siddu23|0
pramitxsrivastava|0
junaid_0902|-1
rz.trolls|1
kevin_rosano1205|0
_krrxzz_|0
ishika_tulshiyan|0
zaidkha3._|-1
momohomies|0
medini_k_s|0
misskamalam|0
kevalya_22|0
aditya_pawar_rc|-1
chad_the_2|0
iamashwina|0
shazaaaaaaammm|0
_its_the_grimreaperr_|0
rohan_133__331_|0
mukundanpolur2805|0
serenashinto|0
akellaanush|0
alishaaa_joseph|0
shoxib_25_07|0
itz_ayzaaa|-1
_fruityforharry_|0
manuraj_cm|-1
__kushaal|0
_ayush_notfound_23_|0
_aarav_0010|0
prarthana_kamat|0
vansh_sahni10|0
krilluminate|0
suniksha__priya|0
_vicckkkyy_|0
vidya_d29|0
gynanvi5432|0
_anikaagarwal|0
shrankhala_yadav|0
taruni_k|0
they.call.me.rosh|0
yoursanushaa|-1
nadiakuruvila|1
ish_1406|-1
ella.bloop|0
avikshith_s771|0
paarth_clicks|1
pavan__2403|0
aarya_deulkar|0
eshana7777|0
supritha._08|0
artsyashvi|0
ohio_riyxan|0
ismailxig_|0
nair.anujj|0
ii_parnika_ii|0
sharan_1610|0
penguinoncoke|1
abaan_2131|0
mihimathur_|0
anvvxd|0
thenameissantrupth|0
shreejitasinha|0
_.butterfly_.7|0
talhasheriff|0
avisrivastava123|0
prxnav5|0
amulya_donela|0
aaratrikapaul|0
_niveditha.menon_|0
ishita__17|0
kri_sag|0
nidhi_mishra.18|1
skyy_24_|0
prxsh_30_04|-1
pehal_kapasi|0
aditi_jaikrishnan|0
aarushhh.g|-1
priyxmm|-1
saleena_2305|0
ashish.dasiga|0
vishwa_027|0
prxdeep._.07|0
addway_99.9|0
hasini_sagiraju|0
chirayu.reddy|0
___saaketh_|0
_anammz|0
https_shredss|0
suresh_raju1987|0
_tarun.sn|0
rishita2854|0
vyahulkenny|0
yugi.78|-1
ishaaan._.17|-1
ayaan_.19|-1
athish.whiz|-1
aadi_15086|-1
dharikaloves|-1
jainsam_1008|1
arnav.gm|0
_eisha12._|0
iam_kunshima27|0
xo.sanaaaa|0
swathi_0612|0
tanushaprakash|0
drishyapandey_10|1
toastievan|0
shreyanayak17_|0
the_samarth_gowda|1
tanvi_nair8|0
diya._arun|0
arlbsk|0
mitali._.prasad|0
maddy_707|0
varsha.aaa|-1
_chandni_malhotra|0
kuhuu._|0
chakresh_acharya|0
prunuvv|0
gaurangpatill|0
_riya.rao|0
mitarth_rai|0
_._anoushka_._|0
vidhiirathore|1
talliban.sulli|0
arjun.bloop|0
cumshat_03|0
george.jonathan.matthews|0
adityasapra9|1
sushanth_ak_03|0
ayaan_028|0
neel_jacob_alexander|0
deeksha__7|1
anikslwt|0
vijay_1793|0
katariakrishna|-1
angxxd|0
arh.aan._|0
anviiiii00|0
dizxxa|0
skfkforoofogovov|1
tanisha_2402|0
_apoorva.suresh|0
amanddaaax|0
sunny__2004__|0
adnxnn3|0
i.upamanyu|0
archi_mantri|0
_kripaall_|0
syyeddaa._|0
chhavisjj|0
suhani_subramanian23|0
dont.be.harsh|0
himani_1.3|0
_.nakul10._|0
adyasha1811|1
thisisrudrakhaitan|1
isabell__0222|0
b_maddy21|0
abhinava_7410|0
__vivek37|0
rohitt_k_|0
_asfiaa|-1
vivek.basanale|1
_pranjjal|0
std.nish|0
icarusblaise|1
_mxthxl___|0
a.b.h.i_2301|0
vhyly_dev|0
shiv_kapur007|0
aliya.__.24|0
nxkul___|0
ughh_ayaan|0
likitha.naveen|0
_laksh_xx_itha_|0
eunoia_mylz|0
_dhruv.bakshi_|0
mxnu100|0
kashiva_nia|1
himanshi879|0
gunjan03_|0
hrzs_x6|0
syedxjunaidx|0
priyankaa6229|0
j_spillay|0
nisarga14_2|0
_samyukthapillai_|0
aryansingh_0208|0
suni2207|0
im.aarjunn|0
harshita_g15|0
ashwinibattu|0
annn.aby|0
dipen_bharara|0
pranaysaxena_344|0
__harshil__gautam|0
geethaaaa222|0
mahie.18|0
_aishani16|0
_bhat2|0
arjan_sinha|0
saakshisunil|-1
aarushi.21|0
shravya_challa|0
raqsaad123|0
aayati_saluja|0
_ciinchana.hegde|0
ll_sakethreddy_269|0
riya_0483|0
madhavguptazz|0
ughlamees|0
atifmaz1|0
shre_sta19|0
nabeel_afzal_|0
__lekith|0
sai.k_kssm|1
arshiya_rida|0
lavanya_1402|0
neilanthonygeorge|0
yashaspg7|0
mahika514|0
saichetann|0
sheshu_vel|0
___lavanya___578|-1
mohit.korater|0
rahul_shetty45|0
prathamchugh_17|0
alinamansoor_|0
iie164ii|0
spacemonkeymafia__|1
thanav|0
abiiinayaa|0
ankiithaa|0
ishaan_rr|0
adrijachakravorty|0
dhruv.tom123|0
moinuddin.afnan|0
yashash_m19|0
aryan_dudhoria|1
gauri_singh117|0
mallharrrr|0
x_methelesh_x|0
ridhi101|0
adityanarainn|0
himanshi.987|1
xxw_o_wxx|0
varsha_sr7|1
vikas_sagar___|0
__.ananya19|0
shradddx|0
anishhaaaa_|0
isha.prashanth|0
mishika10_|0
sai_06_07_12|0
lxsh.07|1
rohith_siju|0
sairaksha_sriram|0
kochar_aditi|0
foxy.bbx|1
tfkl3__|0
adit_mutnalkar|1
killergaming_10293|1
niharika_m2028|0
_i_br_a_hi_m_|0
sid1002_|0
ak.sh.ath|0
aditya_s5239|1
vidzz.x|0
tf.avn1|0
malavik.ah|0
jiyapariharr|0
aroyz2000|0
poornographic|0
siya_arora1020|0
t.a.n.u_m|0
praneetha_dammur|0
xgnk_01x|0
saanika_18|0
cant.deal.w.zaara.rn|0
dhritiab|0
_aryaa_photography|1
dangham.bloop|0
dhriti_2137|0
_.rishwanth_|0
mayuuu_rikaaa|1
divyv_|0
chhavcamerarolldumppp|0
pav8n|0
__tanav|0
itz._birb|1
zoxoanime|1
_jumanasyed_|0
qwertop6942|1
gurunithyanr|0
_jonna_harshith18|0
asteriapvt|0
sai_dhruva08|0
muthuisbald|0
itsnikhil_458|0
adhv1k|0
jayanth_6969|0
itshiyabanerjee04|0
__rxvi__|0
daisy._.the._.diva|0
vihan.8476|0
__slyvesterx__|0
petal_252|0
aarush._o|0
xxsayona_|0
vitesh_gowda_21|0
ok_tanishaaa_ok|0
jaychoksi1oo7|0
saachi_0218|0
abdxxl._|1
dipsite_class10th_merch|1
hrithik.the.great|0
kkamble_|0
agna_anil|0
riya_sagarwal|0
hari__0182|0
